Component,Explained_Variance_Ratio,Cumulative_Explained_Variance
1,0.10231635624099186,0.10231635624099186
2,0.058818434529231266,0.16113479077022314
3,0.05359418863078932,0.21472897940101246
4,0.036610362147660995,0.25133934154867343
5,0.029108313725690647,0.2804476552743641
6,0.02602607193491097,0.30647372720927507
7,0.022420358011412823,0.3288940852206879
8,0.021066320305842108,0.34996040552653
9,0.017535266965285148,0.36749567249181514
10,0.016980944064039737,0.38447661655585486
11,0.015138695290245863,0.3996153118461007
12,0.014530062865685185,0.4141453747117859
13,0.013461320491351392,0.4276066952031373
14,0.013007002792295826,0.44061369799543315
15,0.012867128026320734,0.4534808260217539
16,0.012523955998916227,0.4660047820206701
17,0.012163667330376783,0.47816844935104685
18,0.011882391143323734,0.4900508404943706
19,0.011480452441838493,0.5015312929362091
20,0.011220265515617967,0.5127515584518271
21,0.011129309444946684,0.5238808678967738
22,0.01089772531992307,0.5347785932166969
23,0.010811114695458935,0.5455897079121558
24,0.010673188650041498,0.5562628965621973
25,0.010512927680724817,0.5667758242429222
26,0.010333409162796557,0.5771092334057187
27,0.010114645168806094,0.5872238785745248
28,0.009943189488921972,0.5971670680634468
29,0.009933317816212414,0.6071003858796592
30,0.009848578982337838,0.616948964861997
31,0.009684156712760968,0.626633121574758
32,0.00956975209394985,0.6362028736687079
33,0.009489735482011092,0.6456926091507189
34,0.009438760788701393,0.6551313699394203
35,0.009353768169170034,0.6644851381085903
36,0.009251937714892303,0.6737370758234826
37,0.009071269173838015,0.6828083449973207
38,0.009016468464618644,0.6918248134619394
39,0.008967559930802928,0.7007923733927423
40,0.0089047229596011,0.7096970963523433
41,0.00887902808720457,0.7185761244395479
42,0.008841132106253318,0.7274172565458012
43,0.008832785990532546,0.7362500425363337
44,0.008782961785681321,0.745033004322015
45,0.008780791364556052,0.753813795686571
46,0.008738203685625442,0.7625519993721964
47,0.008727439997289069,0.7712794393694855
48,0.008590630539270748,0.7798700699087563
49,0.008500390615569323,0.7883704605243256
50,0.008467540325647614,0.7968380008499731
51,0.008387686590178293,0.8052256874401514
52,0.008349251409611146,0.8135749388497626
53,0.008286620998603465,0.8218615598483661
54,0.00820529706082472,0.8300668569091908
55,0.008059241188298195,0.838126098097489
56,0.007830868817646223,0.8459569669151352
57,0.007651608433712708,0.8536085753488479
58,0.00757768889693792,0.8611862642457858
59,0.007408698913651612,0.8685949631594374
60,0.007232441257096478,0.8758274044165338
61,0.0071177558846884795,0.8829451603012223
62,0.0069117868544825885,0.8898569471557048
63,0.006731302008575833,0.8965882491642807
64,0.0066126123559628784,0.9032008615202436
65,0.006445851558962317,0.9096467130792059
66,0.00616938583464328,0.9158160989138492
67,0.00600363224676041,0.9218197311606096
68,0.0059562079601701194,0.9277759391207797
69,0.005897717310784717,0.9336736564315644
70,0.00564630405695139,0.9393199604885158
71,0.005369321788599757,0.9446892822771156
72,0.005041546665800814,0.9497308289429164
73,0.004884502073517367,0.9546153310164337
74,0.004747456919586939,0.9593627879360206
75,0.004585146961806769,0.9639479348978274
76,0.004375083013717497,0.9683230179115448
77,0.0038162189158390137,0.9721392368273839
78,0.003537761882753559,0.9756769987101375
79,0.003367235723307998,0.9790442344334455
80,0.002819273309511721,0.9818635077429572
