Component,Explained_Variance,Cumulative_Variance
1,0.1019579467116921,0.1019579467116921
2,0.059298926861431074,0.16125687357312318
3,0.04126382313313598,0.20252069670625916
4,0.03237643339151487,0.23489713009777402
5,0.02511032405567418,0.2600074541534482
6,0.019020550115150175,0.2790280042685984
7,0.0177979240502002,0.2968259283187986
8,0.01709097672498407,0.31391690504378267
9,0.015859255172272168,0.3297761602160548
10,0.013542430089996928,0.3433185903060518
11,0.012929115495016104,0.3562477058010679
12,0.01197213370762395,0.36821983950869186
13,0.01121576103417598,0.37943560054286785
14,0.010731164070070246,0.3901667646129381
15,0.010369759744840262,0.40053652435777837
16,0.0101448240625513,0.41068134842032966
17,0.010035411137795935,0.4207167595581256
18,0.009761300239482799,0.4304780597976084
19,0.00962078674209652,0.44009884653970494
20,0.009408717238725637,0.4495075637784306
21,0.009295459252183048,0.45880302303061365
22,0.009244677057201807,0.4680477000878155
23,0.00916767101296099,0.4772153711007765
24,0.009072689472966421,0.4862880605737429
25,0.008994656383901792,0.4952827169576447
26,0.008960446253618411,0.5042431632112631
27,0.008908155909564636,0.5131513191208277
28,0.008851400384467224,0.5220027195052949
29,0.008830366987506643,0.5308330864928015
30,0.00872813233076159,0.5395612188235631
31,0.008691873407231657,0.5482530922307948
32,0.008618452720278232,0.556871544951073
33,0.00857839142522338,0.5654499363762965
34,0.008566647873518855,0.5740165842498154
35,0.00851969739666707,0.5825362816464824
36,0.00843372874058469,0.5909700103870671
37,0.008387759905393966,0.5993577702924611
38,0.008375761926629326,0.6077335322190904
39,0.008317415083936975,0.6160509473030275
40,0.008293351041361925,0.6243442983443894
41,0.008245999872347825,0.6325902982167373
42,0.008235973858891327,0.6408262720756286
43,0.008215351621938363,0.6490416236975669
44,0.00819700583177922,0.6572386295293461
45,0.008184194821709295,0.6654228243510554
46,0.008162910535804962,0.6735857348868604
47,0.008150433288900886,0.6817361681757612
48,0.008141861601347531,0.6898780297771088
49,0.008133031426111196,0.69801106120322
50,0.008113896231404877,0.7061249574346249
51,0.008110351276859853,0.7142353087114848
52,0.008085006958446429,0.7223203156699312
53,0.008057901435057345,0.7303782171049885
54,0.008047153938262127,0.7384253710432507
55,0.00803288001773675,0.7464582510609874
56,0.008007496648737884,0.7544657477097253
57,0.007976795114486433,0.7624425428242118
58,0.00796252842748412,0.7704050712516959
59,0.007918612645409008,0.7783236838971049
60,0.007891795382318122,0.786215479279423
61,0.007860214945976508,0.7940756942253996
62,0.007832644701323926,0.8019083389267235
63,0.007805451733150942,0.8097137906598745
64,0.00773846014578062,0.8174522508056551
65,0.007717309555090924,0.8251695603607461
66,0.00769041635074672,0.8328599767114928
67,0.007659799409343202,0.8405197761208361
68,0.0076364465238189655,0.8481562226446551
69,0.007467989280116147,0.8556242119247712
70,0.00743389470166149,0.8630581066264327
71,0.007345876491102367,0.8704039831175351
72,0.0072617259877609955,0.8776657091052961
73,0.00718139464558554,0.8848471037508816
74,0.0071101372875514365,0.891957241038433
75,0.00707752014789808,0.8990347611863311
76,0.007012357658445286,0.9060471188447764
77,0.006849240301224406,0.9128963591460008
78,0.006708909167026085,0.9196052683130268
79,0.006653857196587284,0.9262591255096141
80,0.006589736316523747,0.9328488618261378
