Actual,Predicted,Absolute_Error
4.182798375833333,3.7677629777041455,0.4150353981291879
2.989419333333334,3.4370155488283993,0.44759621549506523
4.515828204999996,4.157753253465139,0.35807495153485647
4.32901753111111,3.4584097081553233,0.8706078229557868
4.576242114444443,4.704815881386048,0.12857376694160472
1.856592283333332,4.182201041194575,2.325608757861243
4.052284408333326,4.5805762585348555,0.5282918502015299
2.919701055833333,3.73805327304357,0.8183522172102369
3.349824710000002,3.08077774737587,0.26904696262413186
4.001296423333334,4.136775316383159,0.1354788930498252
3.461818140333334,3.0848112303345454,0.3770069099987885
3.900253165833338,3.9078879906869526,0.0076348248536146635
4.26271734833333,4.291340622828792,0.028623274495462425
3.465227093333329,3.504529640375062,0.03930254704173297
2.022202873333303,1.9380517081392494,0.08415116519405363
5.370706193333338,5.392619702968752,0.021913509635414385
2.950312588333337,3.218838191770012,0.2685256034366752
1.837429213333334,2.5798503136801623,0.7424211003468282
3.866034328333346,3.191507157999646,0.6745271703336999
4.059322523333336,1.6362424235964081,2.4230800997369277
4.004752400833337,3.8459613231078444,0.1587910777254926
3.217259726666668,3.264595717243396,0.047335990576728104
3.363426568333328,3.3995590227659926,0.03613245443266466
3.56566410333333,3.861836229537446,0.29617212620411637
4.210608743333329,5.132378164510592,0.9217694211772631
2.032004003333331,-0.0863390428541162,2.118343046187447
2.823112279999998,3.0455624159171437,0.2224501359171458
4.869729543333332,4.570250064345211,0.299479478988121
3.310712410833329,3.2776513485662457,0.03306106226708305
4.260173568333333,3.917283224995132,0.3428903433382011
6.230379483333334,3.2496286836980213,2.980750799635313
1.567536918333345,1.4305342861887083,0.1370026321446367
4.5437946883333264,4.1932660370748005,0.35052865125852595
3.742693225000005,3.707448646067058,0.03524457893294697
4.874743938333329,1.2343766438153836,3.6403672945179455
0.171586473333353,2.482344916706208,2.310758443372855
2.528926413333331,1.4138749027371518,1.1150515105961791
3.021410403333324,3.2218758212034055,0.20046541787008154
3.636648303333321,4.785041345336951,1.14839304200363
3.013763847619048,2.433178609078653,0.5805852385403947
3.65688056333335,4.813394564706486,1.1565140013731359
5.153203818333343,5.508053350315387,0.35484953198204394
4.913334703333324,4.9837313545901845,0.07039665125686057
-1.270849651666668,1.5750616271453608,2.8459112788120287
0.63421575111112,1.4880208456082717,0.8538050944971517
4.033616751666665,3.7173568897800573,0.31625986188660793
5.815260435833342,5.358787784626508,0.456472651206834
4.624989623333339,4.049836977320752,0.5751526460125866
4.051171003333342,4.576378502159963,0.5252074988266209
-0.048828021666667,3.912352859584524,3.961180881251191
4.575442473333344,4.202624257107382,0.3728182162259621
1.919811713333335,0.4659104867128321,1.453901226620503
3.8496719158333312,3.4839873514158137,0.3656845644175175
4.764306250833333,4.943870082013086,0.1795638311797525
3.9228222908333272,4.581305184851623,0.6584828940182961
2.747919590833333,3.768855361890755,1.020935771057422
4.779084660833338,4.250558134092111,0.5285265267412278
5.065938405000002,5.277378687042593,0.21144028204259158
4.722374733333344,3.7714470703266096,0.950927663006734
3.782646525833336,3.4363421716808356,0.3463043541525006
5.404884023333329,5.055460118231843,0.349423905101486
3.8857354683333343,4.007639714979001,0.12190424664566635
4.422996118333335,4.0052572626899385,0.4177388556433961
1.083587045833338,1.511245049221466,0.42765800338812787
4.835915110833331,4.671299978374223,0.16461513245910808
5.642344833333372,6.0177940972708095,0.3754492639374378
5.085863810833331,3.193304240546518,1.8925595702868128
2.577372018333332,4.196654152428153,1.6192821340948211
-2.53556465166667,2.3275055770798625,4.863070228746532
3.575332700833333,3.463319344831569,0.11201335600176421
4.110077793333336,4.628904492004708,0.5188266986713721
1.762360661666666,3.0029638646351,1.2406032029684337
1.227560993333317,2.0597377853460808,0.8321767920127638
4.572717048333321,3.082920878740482,1.4897961695928394
3.3816160733333382,3.3860239427603975,0.0044078694270592855
3.417082510833329,2.9457860270430354,0.47129648379029376
3.648223253333332,3.627031383923147,0.021191869410184694
4.387062008333335,3.7428128479771283,0.6442491603562068
3.528290003333329,3.022203239749097,0.5060867635842317
-1.268810226666668,1.4101597056740218,2.67896993234069
3.344771296666676,3.3691762499564613,0.024404953289785425
3.285255933333322,3.7723264323130445,0.48707049897972254
0.95966188333333,1.412242264362432,0.4525803810291019
3.994422962499993,3.9138113441157936,0.08061161838419961
3.04436367833333,3.658420867177015,0.614057188843685
3.882968336666668,4.124143297445365,0.2411749607786975
-0.9794302016666612,4.182201041194575,5.161631242861236
1.886046228333332,2.0134022822254503,0.12735605389211835
4.034618058888881,3.479385495288576,0.5552325636003053
3.673781190833343,3.741508943931202,0.06772775309785928
3.293049355833322,2.9894882876354574,0.30356106819786444
5.443386683333334,3.91817714504709,1.5252095382862443
4.517149250833332,4.041939547108108,0.4752097037252234
2.045860248333331,2.185764039180552,0.13990379084722093
4.07378834083335,2.6368037529274364,1.436984587905914
5.203199792708337,5.46161800968433,0.25841821697599343
3.253045693333338,3.2406387040427314,0.012406989290606685
3.269185533333332,3.411107055362444,0.1419215220291119
4.546071956666669,3.738363405013353,0.8077085516533158
4.940689533333331,5.519149623789468,0.5784600904561366
3.076690683333331,3.3857477262795834,0.30905704294625247
0.98234783333334,2.615487738920266,1.6331399055869262
1.238128904912279,4.325980553425247,3.0878516485129683
-1.851409266666659,0.5852171620896252,2.436626428756284
4.859139428333326,5.11484722163283,0.25570779329950355
4.042082598333342,4.000956942579784,0.04112565575355731
4.609630938333315,4.815723455146007,0.20609251681269214
4.048538149583334,3.507323580181798,0.5412145694015358
3.268977223333334,3.751371856288757,0.48239463295542295
3.987912588333334,3.5755056890455075,0.4124068992878267
2.081988573333333,3.0166482052253594,0.9346596318920262
-0.04217763666666,1.4664949255840016,1.5086725622506616
3.335814563333332,3.273913647181822,0.06190091615150983
4.344371253333333,3.850500198570317,0.49387105476301585
3.15165943833333,2.5787061571516654,0.5729532811816647
4.783189751666673,4.811171722742551,0.027981971075877965
3.76525303,3.0606295422268,0.7046234877731998
3.5251575358333342,4.016150362678265,0.4909928268449306
3.344648333333329,3.353100603462246,0.008452270128917139
0.8973682083333301,4.273601138663865,3.3762329303305343
5.3185460566666665,5.3694242795036695,0.05087822283700305
1.716712118333338,1.6532575380276022,0.06345458030573581
3.221984448333335,2.9880044720095222,0.23397997632381262
4.041787503333329,4.90083842816484,0.8590509248315108
5.291712258333334,4.933956958631492,0.35775529970184206
2.5726056683333423,2.96235212435898,0.38974645602563784
2.86456514833333,2.5190506260438292,0.34551452228950064
3.284870983333334,3.624580966555393,0.3397099832220589
5.628901943333337,3.6946019709270894,1.9342999724062473
3.717526005833339,3.203877451685238,0.5136485541481011
3.318056148333331,4.126588235609213,0.8085320872758821
3.792199145833334,4.093224970893851,0.3010258250605169
3.847418561666669,3.4655460395693973,0.3818725220972716
2.9265328108333333,3.150688946177419,0.22415613534408552
5.296846869999999,4.217395104065113,1.079451765934886
3.414352073333328,3.848075135990677,0.43372306265734917
0.947536923333334,1.3971863832442744,0.4496494599109404
2.359776373333322,3.40274243478627,1.042966061452948
3.302111703333332,4.342861052025776,1.0407493486924437
4.280503367179488,3.7843881603702068,0.49611520680928134
3.880802458333332,2.985983655019141,0.8948188033141906
5.080469228333347,4.459096011977182,0.6213732163561652
2.098045070833334,1.5148008456788784,0.5832442251544554
4.044285213333329,4.393756481854994,0.34947126852166477
0.084404763333332,1.4657558054201545,1.3813510420868225
3.981817878333335,3.2788468733709033,0.7029710049624316
3.987319799999999,3.0046787321708814,0.9826410678291175
4.67958152333334,3.5068118126913967,1.1727697106419432
2.5248188133333342,1.8696348036278791,0.6551840097054551
4.381303445833343,4.863933639782084,0.48263019394874096
-0.04008736666667,1.4104033220696524,1.4504906887363223
4.50240873333333,4.970583540896251,0.46817480756292085
6.042174743333309,4.964297764474794,1.077876978858515
1.857991143333334,3.088733791973014,1.2307426486396797
3.666027593333329,4.362727882711192,0.6967002893778629
-0.362515799999993,1.369201916707571,1.7317177167075641
4.576399585833319,4.183855301450067,0.39254428438325206
4.007807863333345,3.5364989594994265,0.47130890383391844
3.772593368333337,3.9242692947245397,0.15167592639120286
3.246165253333349,3.4665596366114935,0.22039438327814453
2.725833880833332,3.2092600154163415,0.48342613458300976
3.74341100958333,4.123007484349878,0.3795964747665477
5.565198173333332,4.850126701605974,0.7150714717273585
4.961333068333321,4.030729802374915,0.930603265958406
1.296598040833321,2.8015751925841323,1.5049771517508113
-2.012156466666662,1.3991635096171122,3.411319976283774
3.340922408333338,3.245759226039433,0.09516318229390519
4.068871911111113,4.365669663508812,0.29679775239769857
2.479366997083336,4.152792593530536,1.6734255964471996
2.920530183333335,3.104474274940885,0.18394409160754988
5.164530476666664,4.790880976611313,0.37364950005535125
5.324006900000019,4.997186221654965,0.32682067834505446
3.610461670833328,3.7566458316314817,0.14618416079815377
4.012412478333329,3.37655445916105,0.6358580191722787
5.179941748333339,5.058093322784182,0.12184842554915676
3.292506694583328,3.1972814490036976,0.09522524557963052
5.270536673333344,5.490208534231436,0.21967186089809232
2.718822045833332,2.8848790603066385,0.16605701447330645
3.112703815833332,3.4705438058209177,0.3578399899875855
0.89861959833333,0.36785693440537104,0.530762663927959
4.078614366666664,4.9297082859545265,0.8510939192878624
7.475387763333335,5.439509427036236,2.035878336297099
3.522574895833334,3.4440406929582403,0.0785342028750935
-0.095044291666664,1.4101978680711735,1.5052421597378376
2.8047321133333383,2.5234945903264157,0.2812375230069226
3.4066562333333312,4.1148509341995885,0.7081947008662572
2.9457807433333203,3.517643315020643,0.5718625716873227
3.560388010833326,4.8431113196053355,1.2827233087720096
3.431894488333331,3.0805033229790633,0.3513911653542676
4.017643297333335,3.966107315178008,0.051535982155327176
2.993815778333332,2.912985737279322,0.08083004105401015
2.91073086083333,2.9931754396638377,0.08244457883050771
5.44851338333331,4.398087142009577,1.0504262413237333
7.960389798333321,2.9418555942179063,5.018534204115415
3.989346498333337,3.2813244499346803,0.7080220483986568
3.038589350833331,3.290097111090426,0.2515077602570952
2.799587843333332,3.5471915341554103,0.7476036908220784
3.061772493333341,3.5486853779492487,0.48691288461590787
3.366988983333333,3.194495742128475,0.1724932412048581
4.628999493333343,4.32660414865756,0.30239534467578366
1.381267704444444,0.9452560591246535,0.4360116453197904
4.846628273958336,4.985941694705546,0.13931342074720998
3.240461655833333,3.4404535656069806,0.19999190977364778
4.706164064583338,4.646304902292536,0.05985916229080246
5.13654329333335,5.753791209484214,0.6172479161508635
4.175312823333319,3.9753598714503022,0.19995295188301654
3.636997131666665,3.1052508138142807,0.5317463178523845
0.7468272533333261,1.304467824999324,0.5576405716659979
4.754846747333335,4.343334721018004,0.41151202631533135
4.210486925833327,3.8129524037389553,0.39753452209437157
3.652731923333338,3.820829994362179,0.1680980710288411
3.775161862500003,3.894501467868495,0.11933960536849186
1.152329806666666,2.5172031833092854,1.3648733766426193
2.694591148333335,2.8853563111170297,0.19076516278369482
3.175471751458333,3.773400169859337,0.5979284184010041
5.626220163333333,5.595062263681911,0.03115789965142124
5.011994878333344,5.03042688426151,0.018432005928165296
3.668856170833334,3.7143058079766087,0.04544963714327466
3.978176190833328,3.652773110789405,0.32540308004392315
3.9347235658333273,3.731882873163479,0.20284069266984828
2.9972125833333263,3.710186169701047,0.7129735863677209
3.746454333333322,4.0250731828063175,0.27861884947299576
4.149480028333333,2.7491129398735348,1.4003670884597978
3.732133335833336,3.900128482846676,0.16799514701334006
5.078652138333345,4.280369039226778,0.798283099106567
3.424569425833337,3.8000561190910895,0.3754866932577525
3.40521180333332,3.005946806986935,0.399264996346385
4.754017003333335,3.2545352173299884,1.4994817860033463
3.503242440000002,3.6382430837816537,0.13500064378165177
3.597688579583331,3.5857035070798924,0.011985072503438499
3.410411903333334,4.069449660263651,0.6590377569303172
3.654861770833332,3.9953862895118215,0.3405245186784893
4.87632506333333,4.108141090679816,0.7681839726535138
3.144997068333343,3.533901919611659,0.388904851278316
5.964160693333331,5.281432149512917,0.6827285438204136
4.869061945833356,2.9260933301788734,1.9429686156544825
3.6041854233333313,3.3975625169921964,0.2066229063411349
3.6940999224242432,3.803789166503564,0.10968924407932068
3.939129250833336,4.1120941054247675,0.1729648545914313
3.916101730833337,3.0388241785831314,0.8772775522502054
2.363222448333332,0.8647612081214018,1.4984612402119304
3.371941503333329,3.591364015227911,0.21942251189458206
2.425232038333338,3.287315932978509,0.862083894645171
4.444580570833328,4.695850366018164,0.25126979518483594
3.110199269999995,2.9148247839054955,0.19537448609449948
3.310602730833332,3.2007031978675906,0.10989953296574129
3.757831299999982,3.939841794823132,0.18201049482315002
3.034782785833333,4.014536721007219,0.979753935173886
3.693901858333331,3.8518971594371374,0.15799530110380644
2.6409069533333183,2.7160969111950317,0.07518995786171345
4.272494673333331,4.1284157879342525,0.14407888539907887
4.29673047708333,4.563937894230073,0.2672074171467429
0.132985433333329,1.3693792109049001,1.2363937775715712
1.113788783333324,1.182235764580015,0.06844698124669102
4.901250173333328,1.7091973629063173,3.192052810427011
5.228175245833346,4.7554036683001835,0.47277157753316246
5.159492045833336,5.091973400861797,0.06751864497153903
4.343385253333335,4.5148114798046,0.17142622647126515
4.261071178333329,3.975163723084436,0.2859074552488927
4.61160822666667,4.879970803302165,0.26836257663549556
1.658714718333333,1.8732016785218424,0.21448696018850932
4.437728173333331,3.9652609226806144,0.47246725065271633
2.728835493333325,3.388962355319088,0.6601268619857632
3.669284325833328,4.285086441749471,0.6158021159161433
3.4087186483333523,3.5837735852296015,0.1750549368962493
4.520946918333334,4.212410575615672,0.3085363427176624
2.915700934333331,3.6272966921876924,0.7115957578543615
5.141733410833329,5.547605368485457,0.4058719576521286
3.51681135583333,3.7384779055885327,0.2216665497552026
5.105570794444441,4.210628521250237,0.8949422731942045
3.094365248333337,2.369611682196223,0.7247535661371138
3.348008803333325,3.748499101026071,0.400490297692746
4.4233693333333735,4.770330750363208,0.34696141702983496
4.571734543333339,4.974453922395015,0.40271937906167565
0.300841183333333,1.4518467277535696,1.1510055444202365
3.308953346666674,3.86370567251332,0.5547523258466462
3.014858348333331,3.192174512235696,0.17731616390236526
4.150864134583334,4.148117533850482,0.0027466007328520448
