Actual_Voltage,Predicted_Voltage,Absolute_Error,Error,Voltage_Range
33.06577115833334,0.7040719718446411,32.3616991864887,-32.3616991864887,Above 5 V
13.083748875833336,3.435224287176972,9.648524588656365,-9.648524588656365,Above 5 V
-1.860015116666668,4.459978893663468,6.319994010330136,6.319994010330136,Below 2 V
9.32297333083334,3.745244643869782,5.5777286869635585,-5.5777286869635585,Above 5 V
-0.6350575583333341,3.854647367021968,4.489704925355302,4.489704925355302,Below 2 V
-0.7737872972916571,3.3982277604192177,4.172015057710874,4.172015057710874,Below 2 V
-0.046965506666675,3.5518590449981566,3.5988245516648316,3.5988245516648316,Below 2 V
4.947659528333336,1.3959459433712706,3.5517135849620654,-3.5517135849620654,4–5 V
-1.9746546016666664,1.4946506777656,3.469305279432266,3.469305279432266,Below 2 V
5.468979158333337,2.023456544372923,3.4455226139604136,-3.4455226139604136,Above 5 V
4.059322523333336,0.8829676248374199,3.176354898495916,-3.176354898495916,4–5 V
3.312582793333324,0.2065751928796073,3.1060076004537165,-3.1060076004537165,3–4 V
1.8402251133333367,4.868131049968376,3.0279059366350394,3.0279059366350394,Below 2 V
6.392781773333329,3.426489096683873,2.966292676649456,-2.966292676649456,Above 5 V
3.681587303333334,0.7266752577637874,2.9549120455695466,-2.9549120455695466,3–4 V
4.887855148333334,2.0286768438860534,2.8591783044472807,-2.8591783044472807,4–5 V
2.909581414166666,0.1366470400519199,2.772934374114746,-2.772934374114746,2–3 V
-1.055460346666673,1.6559405457729763,2.7114008924396495,2.7114008924396495,Below 2 V
0.8312120333333199,3.361452074914816,2.530240041581496,2.530240041581496,Below 2 V
2.759122998333315,0.2557135943664832,2.503409403966832,-2.503409403966832,2–3 V
