Actual_Voltage,Predicted_Voltage,Absolute_Error
4.829746068333354,4.415318225576123,0.414427842757231
3.344198996666673,2.964236698379878,0.3799622982867952
2.533133643333319,4.299267873315467,1.7661342299821476
2.950748483333328,3.446544664510621,0.49579618117729307
4.568068373333323,4.455937038272025,0.11213133506129758
5.626220163333333,5.3955345294574295,0.23068563387590313
3.37544322083333,3.2038246551782654,0.17161856565506461
2.921545058333327,3.2398667617074537,0.3183217033741266
2.399042253333339,1.0365986289570188,1.36244362437632
2.812121548333327,3.233328842701529,0.42120729436820215
3.934414568333328,3.414934319134778,0.51948024919855
3.312582793333324,2.6002530579430045,0.7123297353903193
3.285240055333331,3.9360000801801602,0.650760024846829
1.778082363333316,1.7441651200416939,0.03391724329162216
3.840042648333328,3.726709682795626,0.113332965537702
3.268977223333334,3.9020606292509115,0.6330834059175774
2.97214028904762,3.632330061642026,0.6601897725944061
2.280202230833329,3.820643567299352,1.540441336466023
2.853136523333323,3.243697611007324,0.3905610876740009
3.611493333333333,3.4818408104954726,0.12965252283786022
3.533949948333334,3.275921179559554,0.25802876877377967
4.825231265833328,4.29221578887168,0.5330154769616486
4.167374118333332,3.3765463084758958,0.7908278098574364
1.316682863333338,1.3388511945541293,0.022168331220791204
4.240871992333335,3.9525651138747255,0.28830687845860936
1.317348900833342,2.6304394023574966,1.3130905015241545
9.32297333083334,4.001263873226714,5.321709457606627
3.131206683333336,4.162957021007484,1.0317503376741484
3.768422948333338,3.647837022147443,0.12058592618589481
3.87339455833332,3.3528646720287387,0.5205298863045811
2.993815778333332,2.992538963382122,0.0012768149512099036
1.856592283333332,3.6126232471900384,1.7560309638567064
5.41454916583334,5.196961718133755,0.21758744769958493
3.264194468333333,3.6862920372939696,0.42209756896063677
3.746435298333328,3.8342408351791706,0.0878055368458428
0.8312120333333199,3.5779760706194157,2.7467640372860957
5.025058953333318,4.286279014375276,0.7387799389580421
4.677124243333314,4.913789287808453,0.23666504447513947
5.292931158333336,4.354639031179272,0.9382921271540638
2.9296060616666733,3.484647680870814,0.5550416192041405
2.98965057833333,3.2353728791907086,0.24572230085737878
2.8068868163333303,3.3337346526961475,0.5268478363628173
4.371535495833332,3.6377018914698027,0.7338336043635296
2.915834747083328,4.181997638718266,1.266162891634938
3.497531378333332,4.010836010894765,0.5133046325614332
3.4234136666666792,3.32302675076766,0.10038691589901916
2.408275798333332,2.8815851413147024,0.4733093429813704
0.90360827333333,1.4399706483950192,0.5363623750616892
2.090797828333341,1.8755839104580538,0.215213917875287
2.770976893333331,1.8560326284531574,0.9149442648801736
2.891021798333332,3.9072256053219165,1.0162038069885844
1.860350628333333,1.5135327667493736,0.34681786158395944
2.350988858333328,3.789490408322677,1.4385015499893488
3.489491773333331,4.627169998266296,1.1376782249329649
4.059322523333336,1.733274069113102,2.326048454220234
2.645816788333325,1.3179608853054765,1.3278559030278483
-0.360897756666669,0.5959849990592568,0.9568827557259258
3.352561378333344,3.3797281420059253,0.027166763672581418
4.051239330833337,3.6809257002644644,0.370313630568873
3.740409138333335,3.597480240589216,0.142928897744119
4.980682230833343,4.162165861505003,0.8185163693283402
3.263265778333331,3.123725284188926,0.13954049414440517
5.327481390833345,4.845518761726055,0.48196262910729004
1.699734523333338,1.3093441449634604,0.39039037836987767
3.018798304999993,4.170003776546772,1.151205471546779
2.931791001666668,3.4427482035558965,0.5109572018892283
3.352467548333327,2.969806538485839,0.38266100984748785
3.331042120833335,3.4064196794712176,0.07537755863788265
3.914091363333331,3.684023561162748,0.23006780217058287
3.645088278333337,3.7678997136877097,0.12281143535437256
3.905928695833336,3.5648268538682144,0.3411018419651217
3.133320163333332,3.027533395731707,0.10578676760162509
3.038589350833331,3.638487526793109,0.5998981759597783
4.149162853333341,2.9167247924459963,1.232438060887345
3.081315103333328,3.4228257412114873,0.34151063787815916
3.682069039696967,3.704231175426174,0.022162135729207222
3.038166738333307,4.347371877823166,1.3092051394898592
3.947005963333314,3.574000946836776,0.37300501649653794
2.8052929008333343,4.505796002989691,1.700503102156357
3.825006468333346,4.044291264457078,0.21928479612373186
2.806526983333332,3.517496743882038,0.7109697605487062
3.173812358333333,3.259018122515103,0.08520576418177006
3.726868828333335,3.851309665454303,0.12444083712096798
4.52483093583334,4.759300145824585,0.23446920999124465
3.477482518333337,3.2518824614697524,0.22560005686358453
4.196211706666688,3.862862850751301,0.33334885591538654
2.400651118333333,3.557893793783916,1.1572426754505831
3.049761093333328,2.37588698130282,0.6738741120305081
2.354271090000002,3.123823704193806,0.7695526141938043
3.601397705833325,4.008179574617182,0.40678186878385736
4.947565368333335,5.171396409453521,0.22383104112018604
4.407747668333319,5.1879372175082725,0.7801895491749535
2.896567945833337,2.5652239697618757,0.3313439760714614
3.889024805208333,3.319487556423878,0.5695372487844548
3.348008803333325,3.809013621269145,0.46100481793581993
3.295100668333337,3.2594871716255804,0.035613496707756376
4.070416788333351,3.855039552099062,0.21537723623428917
5.233454993333344,4.914635959187569,0.3188190341457746
4.9464746283333385,3.240722975553819,1.7057516527795196
4.387062008333335,3.9939950018623422,0.3930670064709929
2.545292454666666,2.763950581583429,0.2186581269167629
4.542527619583329,4.4728842102787025,0.06964340930462676
4.692829077083336,5.034691545325941,0.34186246824260547
4.435946928333356,4.895646644507123,0.45969971617376704
0.8994778333333261,-0.28930410644269955,1.1887819397760255
2.915378378333334,3.243738802484917,0.3283604241515832
3.640369928787877,3.738560529747108,0.09819060095923104
1.474245423333348,3.319550321190504,1.845304897857156
4.150864134583334,4.291838073754676,0.14097393917134227
3.534146764583333,3.464926243450889,0.06922052113244392
4.493124225833331,3.8583322637998414,0.6347919620334892
3.203716945333337,3.312497295231859,0.10878034989852203
3.531303618333344,2.683926011870156,0.8473776064631879
1.594363883333362,0.6129322211729772,0.9814316621603848
4.370529585833332,4.582846108251458,0.21231652241812604
3.712947963333329,3.513621619235483,0.1993263440978459
2.987245803333327,3.2672464134635355,0.2800006101302084
2.915700934333331,2.8456319830995227,0.07006895123380819
4.848313538333319,3.9967617804969615,0.8515517578363578
4.079103233333332,3.4837206950631856,0.5953825382701465
4.725122928333339,3.8267037454532007,0.8984191828801382
3.240190038333335,3.583110304080476,0.3429202657471411
3.789750783333332,3.4221397246154917,0.3676110587178405
2.319858578333328,2.991782340704365,0.671923762371037
2.55489157333334,1.4337859389215832,1.1211056344117567
4.298855493333339,3.6699181444358224,0.6289373488975167
3.312257166666666,3.639838020480439,0.3275808538137728
2.738780853333328,3.2063823992271487,0.4676015458938205
5.18577194333334,4.418116506749421,0.7676554365839197
3.808281968333333,3.358364687653842,0.4499172806794909
3.88765814666667,3.914004012900236,0.02634586623356583
1.800871570000002,2.6228484939176386,0.8219769239176367
1.774858533333334,1.4814412472777752,0.29341728605555883
2.8523138683333342,2.8742779137560115,0.02196404542267727
3.175471751458333,3.2818797830269055,0.1064080315685727
3.532482913333344,3.5985869503545374,0.06610403702119338
4.5267607633333045,3.5146340330224524,1.012126730310852
5.622362423333332,4.786659626211714,0.835702797121618
-0.493983396666666,1.3808352374763588,1.8748186341430249
4.004752400833337,3.815070012475781,0.18968238835755624
1.039233483333333,1.4337814451210078,0.3945479617876748
2.783306743333331,2.3073395613261978,0.47596718200713317
2.546903535833341,3.074173697224862,0.5272701613915207
3.550336818333339,3.590433360212355,0.04009654187901601
2.780888373333331,1.7647431086244991,1.0161452647088318
3.888333513333326,3.5195532075908336,0.3687803057424923
5.506705943333333,3.5379811608044474,1.968724782528886
4.6047918833333314,3.8540262474032394,0.750765635930092
3.8811237945833352,3.6023475445349673,0.2787762500483679
3.209132739583336,2.7740777701687245,0.4350549694146113
3.581572773333332,4.014133978162446,0.4325612048291143
4.322343343333334,3.3103765983824296,1.0119667449509047
4.099164658333326,3.8552983582573734,0.24386630007595222
4.353848283333339,3.8524637362782723,0.5013845470550669
4.175312823333319,3.753443381118786,0.4218694422145326
-0.046965506666675,2.7625947858456765,2.8095602925123515
5.103887114999998,4.559421407952255,0.5444657070477437
3.779215990000005,3.9031837476226485,0.12396775762264367
2.045860248333331,2.360225859700826,0.31436561136749486
3.653551888333337,3.542722547131394,0.11082934120194299
4.140255915333329,4.473995104794247,0.33373918946091763
2.754705713333341,2.429400050748243,0.32530566258509763
4.392236208333334,4.418195408875703,0.025959200542368777
2.985538178333333,3.807190585151595,0.821652406818262
-0.023824091666667,1.4337814451210085,1.4576055367876755
3.125666943333333,2.1872385197020883,0.9384284236312448
5.078652138333345,4.3354486599238555,0.7432034784094892
1.762360661666666,2.9351539588928794,1.1727932972262134
4.007807863333345,3.6521508867899275,0.35565697654341744
1.895683458333335,1.789702689646978,0.10598076868635697
3.06065849333333,3.1673364182754495,0.1066779249421197
3.797813423333335,3.575568714354115,0.2222447089792201
4.053808303333331,4.532752025531654,0.4789437221983226
3.363426568333328,3.4300748133497274,0.06664824501639943
3.673914541666661,3.526901051149691,0.14701349051697
4.403851713333336,4.441588086747072,0.037736373413736146
3.279952326666668,3.421017965488862,0.14106563882219403
1.7060240933333342,3.2688790071423908,1.5628549138090566
3.731561593333343,3.9558862770747307,0.2243246837413877
1.763873608333331,2.906484294916341,1.14261068658301
2.919701055833333,3.6783343914326796,0.7586333355993466
4.26271734833333,4.226627827383123,0.03608952095020701
4.048337948333331,3.750245619622972,0.29809232871035896
4.307593643333338,3.721967451979399,0.5856261913539393
3.912725383333343,3.542774311200132,0.3699510721332109
3.548907773333342,3.843887315806594,0.29497954247325175
3.704208283333333,2.917995112996941,0.7862131703363922
3.602476883333335,2.4936839668170974,1.1087929165162378
1.9259309833333351,2.060744738728392,0.1348137553950568
1.177542803333328,2.080853775967028,0.9033109726336999
3.435459333333331,3.3993334540994695,0.03612587923386146
4.068732118958334,3.436530135959953,0.6322019829983807
3.405803155833333,3.699350585729295,0.29354742989596216
2.668538583333334,3.8515944788458594,1.1830558955125254
4.021490484583336,4.229427813237108,0.207937328653772
2.694591148333335,3.1775095047982163,0.48291835646488135
2.718822045833332,3.394688539735781,0.6758664939024488
3.203968088333316,3.6831805241619895,0.47921243582867357
4.06632266583333,3.6099928192794275,0.45632984655390274
2.973455428888887,3.730385500026771,0.7569300711378841
4.625162528333338,4.811788658074699,0.18662612974136028
4.450076668333328,3.9497217456195584,0.50035492271377
3.031810886333333,2.9937603044166448,0.03805058191668831
2.950312588333337,3.586560578030178,0.6362479896968409
3.307200895833336,2.719392178063827,0.587808717769509
3.369766950833328,3.7896092216509007,0.41984227081757286
5.055100173333334,4.376055867086913,0.6790443062464204
2.909581414166666,1.6375255420211556,1.2720558721455104
2.958391203333332,3.434481718047853,0.4760905147145209
4.439181300833344,4.637184148754569,0.19800284792122547
5.409895708333342,5.275303458195443,0.13459225013789844
4.733139288333338,4.180197715394796,0.5529415729385425
2.105119911666667,3.0726095478817523,0.9674896362150855
3.624041698333333,4.135330264865285,0.511288566531952
0.208778633333343,2.712150137544787,2.5033715042114437
4.613743533333333,3.89569113628289,0.7180523970504433
3.790152600000003,3.7521847670734614,0.0379678329265416
2.922943623333329,2.46213570185557,0.46080792147775895
2.782789813333342,2.8075502972897066,0.024760483956364432
3.788066720833328,3.486550900738001,0.30151582009532696
3.492479408333342,3.3646595928902396,0.1278198154431025
3.196099295,3.5538316515632014,0.35773235656320157
3.225624043333337,3.6235651702749934,0.3979411269416562
3.346317276666672,3.8751245673093964,0.5288072906427246
2.126393193333332,2.255116602034539,0.12872340870120658
4.247482669583332,4.174548812557038,0.0729338570262934
1.927368303333343,1.6090588159602792,0.31830948737306386
2.522546725833327,1.6525023047154994,0.8700444211178275
1.563008453333332,1.5239061689547744,0.03910228437855756
3.9228222908333272,4.443391732829852,0.5205694419965248
3.720638113333341,3.61930467948552,0.10133343384782112
3.324190938333321,3.67777351638944,0.3535825780561188
3.413455173971626,3.4837680999948866,0.07031292602326067
2.479366997083336,3.3199057901912443,0.8405387931079082
4.589749423333335,4.390808408033566,0.19894101529976904
3.900845125833339,3.6375627160320496,0.2632824098012896
4.960860693333398,3.5748175968659757,1.3860430964674224
3.468754218333335,3.272199040091852,0.19655517824148294
1.296598040833321,3.033907230287592,1.7373091894542707
2.310693358333343,3.6297371678416805,1.3190438095083374
4.675377400833331,3.3940934350831196,1.2812839657502115
5.105570794444441,4.192913328495982,0.9126574659484588
3.118112198333333,3.1106194861154766,0.007492712217856301
3.273994633333335,2.8623124671256557,0.4116821662076795
2.467452428333322,2.847498973947758,0.38004654561443596
4.835588507083334,4.816250311344385,0.019338195738948905
4.537563478333337,5.013204039806727,0.47564056147338984
-0.216531166666666,1.4365556690403254,1.6530868357069914
4.595243854583328,4.394086610111696,0.20115724447163164
2.743773183333322,4.0726632389271,1.328890055593778
2.302313145833328,3.773588017454414,1.4712748716210862
4.022318893333339,3.9029865670700428,0.11933232626329637
5.024749633333348,4.325444780281754,0.6993048530515944
3.094801727083333,3.014609966802939,0.08019176028039388
4.612435505833337,4.433042483658538,0.17939302217479902
4.128403602083336,1.6007723150020299,2.527631287081306
4.802537245833332,4.900057261797122,0.09752001596378967
3.613919270833325,3.7847918251219967,0.17087255428867154
4.332639462500002,4.37494111261256,0.04230165011255771
5.964160693333331,5.05735901673172,0.9068016766016109
1.8364684058333312,1.8244401058034383,0.012028300029892858
-1.255334646666663,-0.01340283577608714,1.241931810890576
2.124115273333363,3.5956463636905394,1.4715310903571766
3.100710723333326,3.2819561113442317,0.18124538801090573
2.310801113333331,2.5881148645650773,0.2773137512317465
4.24669951333333,4.610626330255157,0.36392681692182727
6.073482713333324,4.397018010488541,1.6764647028447834
3.226870689999998,3.466094400527802,0.2392237105278041
2.167213594999999,3.107621819737095,0.9404082247370962
4.257353543333335,4.908622936757928,0.6512693934245934
3.441094628333336,3.0466105129895276,0.39448411534380856
0.8552971958333491,1.0549379711445352,0.19964077531118618
4.483505285833336,3.1310079050340924,1.3524973807992433
2.462268273333337,3.0332286055445365,0.5709603322111994
4.76944317833333,4.668092781752501,0.10135039658082956
5.343613760833326,4.525124896517966,0.81848886431536
4.10154535833333,3.9404286822999612,0.16111667603336866
5.3289678600000014,4.313817055853595,1.0151508041464066
2.6409069533333183,3.336750495339558,0.6958435420062399
3.617242846666674,3.5656456396770935,0.0515972069895807
4.078614366666664,4.1351269395009735,0.05651257283430944
4.15788013833333,2.8068205418394214,1.3510595964939087
3.3897662183333392,2.1693508238096326,1.2204153945237066
3.417397566666669,2.8117685795423686,0.6056289871243004
2.9457807433333203,3.344899369643552,0.39911862631023176
4.286675008333309,3.572308943722053,0.714366064611256
3.376453978333335,3.4565900882971157,0.08013610996378073
3.699111768333336,2.5884418672721505,1.1106699010611853
4.01718268333335,4.434607251549136,0.417424568215786
4.381303445833343,4.88394289106314,0.5026394452297973
-0.04217763666666,1.423935880746695,1.466113517413355
2.467122138333342,2.493446426332385,0.026324287999043072
5.158822208333338,4.614808535781104,0.544013672552234
5.026555798333338,4.955259124438763,0.07129667389457506
2.992617352083333,2.6702060197044606,0.3224113323788722
3.870906793333351,3.721186606421723,0.14972018691162825
5.2778281133333325,4.58612458626607,0.6917035270672622
4.030245322222215,4.197210292346826,0.16696497012461098
5.011994878333344,4.725407078557165,0.28658779977617943
3.656939134047617,4.267637840318954,0.6106987062713367
3.318056148333331,2.6556203213124903,0.6624358270208406
4.87632506333333,4.249593303525348,0.6267317598079822
0.933241293333343,1.6144836473958744,0.6812423540625313
0.7235468433333421,1.3524442732160364,0.6288974298826944
3.71962168333333,1.4376475205121446,2.2819741628211854
2.344290088333328,2.6720644962275557,0.3277744078942275
2.399222200000001,3.800590566401336,1.4013683664013352
5.039994360833337,4.34154326454787,0.6984510962854662
3.842117716491224,1.599851141821312,2.2422665746699124
3.348880423333344,3.3557013455041247,0.0068209221707808965
3.925563678333337,3.7286223589342606,0.19694131939907633
2.701183733333336,3.3538295272481102,0.6526457939147741
-0.495400436666666,1.4338643682757923,1.9292648049424583
4.846628273958336,3.974305390571229,0.8723228833871071
3.958543983333325,4.265027249458319,0.30648326612499366
3.308953346666674,3.8574238554503832,0.5484705087837094
1.347872483333337,1.4337880169215185,0.08591553358818138
4.668649563333337,3.263800804730165,1.4048487586031717
3.289108493333334,2.1517902469045582,1.1373182464287757
4.717965313333342,3.4592108099065584,1.2587545034267835
3.471248049999999,3.0550446180978748,0.41620343190212417
0.947536923333334,1.4219154850308402,0.47437856169750625
3.861078073333336,2.299741386663947,1.5613366866693887
3.631684728833334,3.7026642150630877,0.0709794862297537
3.43849284333334,3.1182394583146884,0.32025338501865175
2.774079743333335,3.103237648553339,0.3291579052200042
3.15165943833333,2.836507561862595,0.3151518764707353
4.887855148333334,2.111817278308523,2.776037870024811
0.279580573333334,1.4113246171655063,1.1317440438321722
2.971250745833335,3.3860036638592863,0.41475291802595127
3.885621998333331,3.4613549568224418,0.42426704151088934
2.884041040833328,3.0602853486850314,0.1762443078517033
3.4835500683333342,4.014878016449458,0.5313279481161239
1.589156428333336,3.4915351447302196,1.9023787163968837
2.97703724833335,3.3879800654005763,0.41094281706722624
3.382690123333337,3.6743793409062064,0.29168921757286936
2.176045970833333,2.9906452987838215,0.8145993279504884
4.654103609999997,4.706679598906077,0.05257598890607973
3.038073665833335,3.4076840846943552,0.3696104188610203
-0.6350575583333341,3.913108872871369,4.548166431204703
1.370884925833342,0.9039411898969958,0.4669437359363462
4.576242114444443,4.657665568931141,0.08142345448669808
4.947659528333336,1.3793398710110256,3.56831965732231
33.06577115833334,1.5831901115659657,31.482581046767375
2.006932327083331,1.561184428180538,0.445747898902793
3.291826878333336,3.1511985318206115,0.1406283465127247
3.4882419683333312,3.5409286117202194,0.05268664338688822
5.268835358333338,4.964011062159589,0.3048242961737495
3.331597120833334,3.204448685147912,0.127148435685422
5.514096693333333,5.574097423117799,0.060000729784465356
6.392781773333329,3.3990224617814704,2.993759311551859
3.667690723333327,3.443216776830991,0.22447394650233576
3.420445794999996,3.790382508302515,0.36993671330251887
2.855293473333324,2.2558577859358033,0.5994356873975208
0.8504367008333321,1.3701855347557539,0.5197488339224218
1.9156629000000047,3.1543289197855264,1.2386660197855217
3.483857388333324,3.68963048167595,0.20577309334262583
3.453059493333332,3.0717794686217346,0.3812800247115975
4.633391458333325,4.434274676765501,0.19911678156782386
4.125282103333338,4.288888093365655,0.16360599003231702
4.032006620833333,4.379518449209829,0.3475118283764962
5.36230047833333,5.384529839108574,0.022229360775244622
5.628901943333337,3.8625658488718786,1.7663360944614581
3.081427800833336,3.6556861528445506,0.5742583520112148
3.679298878333331,4.0550103162418845,0.3757114379085533
-0.444250086666665,0.7677495392528898,1.211999625919555
3.75695153333334,4.543555443329043,0.7866039099957032
3.321968453333338,3.7109510320715016,0.38898257873816355
2.425232038333338,3.2801651952536277,0.8549331569202896
3.40329837083333,3.368000189189682,0.035298181643648174
3.494505699999995,3.6448453852994662,0.15033968529947117
3.820836932083335,4.021530084773771,0.20069315269043653
-0.04008736666667,1.4340570301790658,1.4741443968457357
2.759122998333315,0.9317130040430393,1.827409994290276
3.147598126666669,3.2420709565336603,0.09447282986699124
3.705493993333331,3.359130645099447,0.3463633482338837
0.146743223333335,1.5846325840592577,1.4378893607259227
4.207897683333333,4.422572028734081,0.2146743454007476
5.178266513333336,4.83781267233916,0.34045384099417575
5.435916183333323,5.328973412832976,0.10694277050034717
4.066457303333327,3.5583452516708975,0.5081120516624296
3.9638383083333553,3.8396455354369934,0.12419277289636188
2.909366055833335,3.005214507962461,0.09584845212912585
3.731875370833333,3.1181569893141923,0.6137183815191407
5.623618168333341,4.6401641912200775,0.9834539771132631
4.157515350833333,4.448911971252347,0.2913966204190137
4.924767253333333,4.624642071842489,0.3001251814908441
-1.055460346666673,2.3225460308792165,3.3780063775458897
4.727226083333339,4.25506709147119,0.47215899186214916
1.978938180000004,2.867038981855303,0.8881008018552987
3.994886966666669,3.844759311654606,0.15012765501206315
3.979740985833335,3.7163967110197165,0.26334427481361855
0.53742122333333,1.4290459685293053,0.8916247451959753
3.790248475833334,3.747109198073974,0.043139277759359995
3.519553073333331,4.015148298067643,0.4955952247343123
4.32901753111111,3.4065011772126255,0.9225163538984846
-1.860015116666668,4.292959278300847,6.152974394967515
2.547217723333337,1.9974722730066856,0.5497454503266515
4.22596502583333,4.1966205625972055,0.029344463236124163
-0.7737872972916571,3.9332731134049075,4.707060410696565
5.06306346833333,3.289330104249254,1.7737333640840758
0.183399983333335,1.7728959662625945,1.5894959829292594
4.124801530833328,4.398371954941859,0.27357042410853083
1.4976418749999991,2.6065674494413313,1.1089255744413322
3.8615735220833294,4.201205550240075,0.3396320281567453
3.285255933333322,3.1851643516549517,0.10009158167837029
4.36558580458333,3.828405745465383,0.5371800591179472
4.586395388333334,4.034867550023627,0.5515278383097071
2.530034943333324,2.3620260967965487,0.16800884653677528
3.744187183333328,3.8235064330721924,0.07931924973886462
3.38815880333333,3.557825702081904,0.1696668987485741
4.816141371666669,4.280938834024056,0.535202537642613
3.522053267333335,3.6131189726179214,0.09106570528458624
3.051329638333333,3.670662075083757,0.6193324367504243
3.487044063333333,4.010587977558394,0.5235439142250615
-1.156447816666679,0.6679888382280594,1.8244366548947384
4.68184435000001,4.163131189137784,0.5187131608622266
-0.016806966666673,1.3115368021627802,1.3283437688294533
3.327431433333328,3.1137431856531386,0.21368824768018957
3.409718970833332,3.150062630224558,0.2596563406087742
3.290969179999999,3.986712030533047,0.6957428505330481
3.256433986666653,3.335998158927598,0.07956417226094503
3.303525773333381,3.4210944853224223,0.1175687119890414
3.843018160833328,4.1986778607509425,0.3556596999176147
4.047701873833331,3.880737860464073,0.1669640133692578
1.625119957083332,1.6511519871017388,0.026032030018406926
2.824517153333332,3.28587380216635,0.46135664883301786
2.861822603333334,3.529406756255395,0.667584152922061
4.925171425833331,4.699115244707043,0.226056181126288
3.041144999999995,1.908783272124106,1.1323617278758888
3.517563238333328,3.8587930031149043,0.3412297647815761
1.469238773333335,3.9868257831993104,2.5175870098659754
4.033669358333332,4.649074890338315,0.6154055320049832
4.210486925833327,3.953506392924286,0.2569805329090409
4.68927737333333,4.164155302873472,0.525122070459858
5.18018951833334,4.846482592143956,0.33370692618938413
4.452488713333335,3.947149808481738,0.5053389048515973
1.729457803333317,3.1163197194652366,1.3868619161319196
4.223693268333325,4.165830147027617,0.05786312130570792
3.201325305833334,2.4918869564816886,0.7094383493516454
3.257947202500003,3.1934279939374406,0.06451920856256255
3.575054178333329,4.0401298635748395,0.46507568524151033
3.150046953333348,3.4376676901562124,0.2876207368228645
3.560031048333319,3.001480440781588,0.558550607551731
4.124307223333337,3.6776728376273935,0.44663438570594316
1.585040253333337,2.2505958608054577,0.6655556074721207
2.607301638333336,3.316389510936907,0.709087872603571
3.877521798333338,3.5991742234730726,0.2783475748602653
3.569911663333333,3.4747800354788065,0.09513162785452645
5.228175245833346,4.5248652643436165,0.7033099814897295
3.693901858333331,3.533717105447913,0.1601847528854181
5.397232808333347,5.163976298787584,0.23325650954576282
4.163988285833345,4.57098364186661,0.4069953560332644
2.79196788083333,3.462648694156872,0.6706808133235422
3.233901318333328,3.7213108928326983,0.4874095744993703
3.775161862500003,3.9695752240744913,0.19441336157448807
2.4703194908333312,2.036836337941847,0.4334831528914842
1.567536918333345,1.4446449924337006,0.12289192589964437
4.690572925833327,4.77661606591882,0.08604314008549352
3.938574663333332,3.828452774069614,0.11012188926371769
4.095810958333321,3.203959844566655,0.8918511137666663
3.589833520833328,4.264495367378106,0.6746618465447778
3.010889218333351,2.7452821650893586,0.2656070532439925
2.282388664583327,2.302817465427582,0.020428800844254802
4.78983663708333,4.172328851539917,0.6175077855434132
3.916154996666652,2.870746985005508,1.0454080116611442
3.888288163333333,3.687569444263346,0.20071871906998684
3.016375198333326,3.3820264156605795,0.3656512173272537
-0.407694173333332,1.4181544988297528,1.8258486721630849
4.203928567083335,2.7574163455757867,1.4465122215075485
3.231729919166662,3.463523249472215,0.23179333030555282
1.94756167333333,2.582709050032972,0.6351473766996418
3.163282101458333,3.4319066207856963,0.2686245193273633
5.298443423333329,5.358073491331762,0.059630067998432956
4.389878085833321,5.181747721354918,0.7918696355215964
3.076697253333333,3.8870059283382563,0.8103086750049231
13.083748875833336,2.899576462397645,10.184172413435691
3.92352143083333,3.7111507149168075,0.21237071591652246
3.292506694583328,2.966973608159658,0.32553308642367007
3.479630436666667,3.7903995492781233,0.31076911261145623
3.280276973333333,3.7143432032362584,0.43406622990292565
4.341158590833349,4.260682232309968,0.08047635852338164
2.9265328108333333,3.2621331217034193,0.335600310870086
4.462743378333333,4.5446854007074275,0.08194202237409431
3.647356953333333,3.4979931749532076,0.14936377838012538
5.959006788333346,5.047002043183086,0.9120047451502593
4.312993505833337,3.7838269462124323,0.5291665596209043
4.131818248333336,2.6765740047280264,1.4552442436053097
5.02722746333333,4.1845327687324385,0.8426946946008913
4.043736850833331,4.351767575157885,0.3080307243245537
4.20340947583333,4.3163732676580535,0.11296379182472371
4.278306403333322,4.2947624735248455,0.01645607019152351
3.700469580833332,4.112558675240499,0.4120890944071669
3.417985669999982,3.3430323261934083,0.0749533438065737
4.300732415833328,3.3083453086540473,0.9923871071792805
3.169327583333327,3.2570065498794714,0.08767896654614438
4.764306250833333,4.780557065896793,0.01625081506345971
1.266085764999999,1.2513446684401972,0.014741096559801825
2.935099069999992,3.4228626093780594,0.48776353937806727
2.457406735000001,3.619873773691798,1.1624670386917968
4.546071956666669,3.7642229985899833,0.7818489580766856
1.810947870833322,2.4889593674929094,0.6780114966595874
4.146515178333336,4.473873372398677,0.32735819406534183
0.564751973333334,1.8364480756965602,1.2716961023632263
2.032772578333355,1.3323411326341967,0.7004314456991583
3.7742428583333454,3.946126389688688,0.17188353135534262
3.431611315833341,4.505441532516685,1.0738302166833442
3.083323130833332,3.4964046394332984,0.4130815085999662
3.266083978333331,3.2808890590573103,0.014805080723979458
4.060776314583333,3.781931088088635,0.2788452264946981
3.5440157033333373,3.4857871658200974,0.058228537513239864
1.963783213333333,3.5907025621396977,1.6269193488063647
4.30184314833333,4.39390818577249,0.09206503743916006
3.414352073333328,3.634075448700031,0.21972337536670317
4.284778378333304,4.639904306450566,0.3551259281172614
3.93069426833333,2.4500068787515383,1.4806873895817918
2.421319623333329,3.326398622572917,0.905078999239588
4.841337163333335,4.182097875363864,0.6592392879694708
3.118528430833334,4.2530292840823485,1.1345008532490146
2.703796169999998,3.8667439086004673,1.1629477386004692
3.852479748333334,3.7364052861122365,0.11607446222109763
-1.9746546016666664,1.4337814532595834,3.40843605492625
3.293678609999997,2.719216282421847,0.57446232757815
1.858578728333339,1.8411692822919472,0.01740944604139183
4.215075326666668,3.8743864174645113,0.34068890920215633
3.24831098333333,2.8661859154062084,0.38212506792712153
4.209583463333335,3.694804037260239,0.5147794260730958
5.3185460566666665,5.283283612960987,0.03526244370567966
2.960397039999994,3.444218185096032,0.48382114509603813
3.371984699166674,4.094339129300413,0.7223544301337386
3.080378533333335,3.1163403443920608,0.03596181105872587
4.040260089583332,3.22742180324905,0.8128382863342818
3.81678242333334,3.8236350842018094,0.0068526608684695844
1.973715813333347,3.7665994694880656,1.7928836561547186
1.8402251133333367,4.317014072011156,2.476788958677819
2.65510019333333,3.118421858326778,0.4633216649934484
3.051595750833333,3.4727381110006883,0.4211423601673552
4.980471823333336,4.613886433354004,0.3665853899793321
3.681587303333334,1.2456125133985185,2.435974789934815
3.880802458333332,2.919764852532758,0.9610376058005738
4.965138348333345,4.757790268210838,0.2073480801225065
3.866836003333337,2.3410331695795987,1.5258028337537382
1.413359963333318,2.3399536951699966,0.9265937318366786
3.581036401666667,3.6410275283536695,0.05999112668700235
4.069050723333331,4.642848363582065,0.5737976402487339
3.774391343333325,4.8385604217702625,1.0641690784369375
4.7914651508333375,4.785661168158842,0.005803982674495778
2.275217103333337,1.9149272174813519,0.3602898858519852
2.865469915833334,4.499177511337685,1.6337075955043505
3.648902543333316,2.5614026250157,1.0874999183176164
4.016509958333335,3.2703195639747094,0.7461903943586252
5.468979158333337,3.0087660008342443,2.4602131574990924
3.932408963333327,4.2471997498974225,0.31479078656409554
2.349213173333337,1.73947739524823,0.6097357780851067
4.989347755833326,4.7431450069863175,0.24620274884700866
